{
    "eda": {
        "basic_stats": {
            "Open": [
                261.0,
                143.92817061055248,
                12.295929382604681,
                127.4986295426,
                133.7121473183,
                139.4786005246,
                152.4147136291,
                170.8796525416
            ],
            "High": [
                261.0,
                145.031927135718,
                12.348719773258626,
                128.6703645513,
                134.678824841,
                140.4148695742,
                153.5108450572,
                171.6513494048
            ],
            "Low": [
                261.0,
                143.5499594838747,
                12.222179323191483,
                127.0210516794,
                133.339767163,
                139.1937909957,
                152.1544330324,
                170.2272096459
            ],
            "Close": [
                261.0,
                144.27526813281074,
                12.304646813106096,
                127.8219479244,
                134.0260281461,
                139.8450426217,
                152.5338063794,
                171.3544568948
            ],
            "Adj Close": [
                261.0,
                144.27526813281074,
                12.304646813106096,
                127.8219479244,
                134.0260281461,
                139.8450426217,
                152.5338063794,
                171.3544568948
            ],
            "Volume": [
                261.0,
                5588551.988505747,
                2496363.130286854,
                1075388.0,
                3736582.0,
                5584258.0,
                7579137.0,
                9944718.0
            ],
            "daily_sentiment": [
                261.0,
                0.16696823754712642,
                0.2091679738213441,
                -0.0829,
                0.0,
                0.0992,
                0.2819333333,
                0.6705
            ],
            "daily_pos": [
                261.0,
                0.14250970625747128,
                0.06440512414773258,
                0.0,
                0.1103333333,
                0.133,
                0.1903333333,
                0.282
            ],
            "daily_neg": [
                261.0,
                0.04673627075210728,
                0.06484229181349102,
                0.0,
                0.0,
                0.0,
                0.0725,
                0.199
            ],
            "daily_neu": [
                261.0,
                0.8109032567038315,
                0.08608600494097342,
                0.677,
                0.746,
                0.793,
                0.8845,
                1.0
            ],
            "sentiment_compound_akşam": [
                261.0,
                0.06926526181340996,
                0.17405318586780516,
                -0.0829,
                0.0,
                0.0,
                0.0,
                0.6705
            ],
            "sentiment_compound_diğer": [
                261.0,
                0.05685613026819924,
                0.1574778090617553,
                -0.0829,
                0.0,
                0.0,
                0.0,
                0.6705
            ],
            "sentiment_compound_sabah": [
                261.0,
                0.07355395913180077,
                0.17410804956842937,
                -0.0829,
                0.0,
                0.0,
                0.0,
                0.6705
            ],
            "sentiment_compound_öğle": [
                261.0,
                0.05540095785440613,
                0.16363880384578403,
                -0.0829,
                0.0,
                0.0,
                0.0,
                0.6705
            ],
            "daily_avg_sentiment": [
                261.0,
                0.06607339293320563,
                0.09507518555980349,
                -0.044833333333333336,
                0.0,
                0.012866666666666667,
                0.12461666666666667,
                0.4093
            ],
            "sentiment_change": [
                261.0,
                0.0007807692307692304,
                0.12972318990125842,
                -0.4265,
                -0.06526666666666667,
                0.0,
                0.0674,
                0.43693333333333334
            ],
            "sentiment_trend": [
                261.0,
                0.0660767052767482,
                0.0555619547044715,
                -0.023027777777777775,
                0.020418518522222224,
                0.060144444444444445,
                0.10286666666666668,
                0.22614444444444445
            ],
            "sentiment_volatility": [
                261.0,
                0.07812627726769757,
                0.05251315546528003,
                0.0,
                0.036623252075595324,
                0.07143188674845748,
                0.10853325655197939,
                0.24467693968744744
            ],
            "daily_news_count": [
                261.0,
                1.260536398467433,
                0.8327053336616246,
                0.0,
                1.0,
                1.0,
                2.0,
                3.0
            ]
        },